id,ingredient,ingredient_te,aliases,category,allergen_key,diet_flags,health_flags,e_number,exclude_phrases,risk_level,explanation_en,explanation_te,high_intake_en,high_intake_te,source,source_url,reviewed
milk,Milk,పాలు,milk|butter|buttermilk|ghee|cream|cheese|whey|casein|caseinate|lactose|curd|yogurt|yoghurt|paneer|khoa|lait|leche|milch|పాలు,allergen,milk,dairy|non_vegan,,,coconut milk|almond milk|oat milk|rice milk|soy milk|soya milk|cocoa butter|shea butter|peanut butter|cashew butter|almond butter|nut butter|cream of tartar|coconut cream|butter bean|butter beans,allergen,Milk can be a food allergen. It may matter for people with an allergy to milk.,పాలు ఆహార అలెర్జీకి కారణం కావచ్చు. పాల అలెర్జీ ఉన్నవారికి ఇది ముఖ్యం కావచ్చు.,"For people with this allergy, even a small amount can cause a reaction.",ఈ అలెర్జీ ఉన్నవారికి తక్కువ మొత్తం కూడా ప్రతిచర్య కలిగించవచ్చు.,Codex Alimentarius General Standard for the Labelling of Prepackaged Foods (CXS 1-1985) and FSSAI labelling regulations - team must verify before use,,False
wheat,Wheat,గోధుమ,wheat|maida|atta|semolina|durum|blé|weizen|గోధుమ,allergen,wheat,gluten,,,,allergen,Wheat can be a food allergen. It may matter for people with an allergy to wheat.,గోధుమ ఆహార అలెర్జీకి కారణం కావచ్చు. గోధుమ అలెర్జీ ఉన్నవారికి ఇది ముఖ్యం కావచ్చు.,"For people with this allergy, even a small amount can cause a reaction.",ఈ అలెర్జీ ఉన్నవారికి తక్కువ మొత్తం కూడా ప్రతిచర్య కలిగించవచ్చు.,Codex Alimentarius General Standard for the Labelling of Prepackaged Foods (CXS 1-1985) and FSSAI labelling regulations - team must verify before use,,False
soy,Soy,సోయా,soy|soya|soybean|edamame|tofu|miso|tempeh|సోయా,allergen,soy,,,,,allergen,Soy can be a food allergen. It may matter for people with an allergy to soy.,సోయా ఆహార అలెర్జీకి కారణం కావచ్చు. సోయా అలెర్జీ ఉన్నవారికి ఇది ముఖ్యం కావచ్చు.,"For people with this allergy, even a small amount can cause a reaction.",ఈ అలెర్జీ ఉన్నవారికి తక్కువ మొత్తం కూడా ప్రతిచర్య కలిగించవచ్చు.,Codex Alimentarius General Standard for the Labelling of Prepackaged Foods (CXS 1-1985) and FSSAI labelling regulations - team must verify before use,,False
peanut,Peanut,వేరుశనగ,peanut|groundnut|arachis|monkeynut|వేరుశనగ,allergen,peanut,,,,,allergen,Peanut can be a food allergen. It may matter for people with an allergy to peanut.,వేరుశనగ ఆహార అలెర్జీకి కారణం కావచ్చు. వేరుశనగ అలెర్జీ ఉన్నవారికి ఇది ముఖ్యం కావచ్చు.,"For people with this allergy, even a small amount can cause a reaction.",ఈ అలెర్జీ ఉన్నవారికి తక్కువ మొత్తం కూడా ప్రతిచర్య కలిగించవచ్చు.,Codex Alimentarius General Standard for the Labelling of Prepackaged Foods (CXS 1-1985) and FSSAI labelling regulations - team must verify before use,,False
tree_nuts,Tree nuts,చెట్టు గింజలు,almond|cashew|walnut|hazelnut|pistachio|pecan|macadamia|nut|tree nut|brazil nut|బాదం|జీడిపప్పు|పిస్తా,allergen,tree_nuts,,,,,allergen,Tree nuts can be a food allergen. It may matter for people with an allergy to tree nuts.,చెట్టు గింజలు ఆహార అలెర్జీకి కారణం కావచ్చు. చెట్టు గింజల అలెర్జీ ఉన్నవారికి ఇది ముఖ్యం కావచ్చు.,"For people with this allergy, even a small amount can cause a reaction.",ఈ అలెర్జీ ఉన్నవారికి తక్కువ మొత్తం కూడా ప్రతిచర్య కలిగించవచ్చు.,Codex Alimentarius General Standard for the Labelling of Prepackaged Foods (CXS 1-1985) and FSSAI labelling regulations - team must verify before use,,False
sesame,Sesame,నువ్వులు,sesame|tahini|gingelly|benne|నువ్వులు,allergen,sesame,,,,,allergen,Sesame can be a food allergen. It may matter for people with an allergy to sesame.,నువ్వులు ఆహార అలెర్జీకి కారణం కావచ్చు. నువ్వుల అలెర్జీ ఉన్నవారికి ఇది ముఖ్యం కావచ్చు.,"For people with this allergy, even a small amount can cause a reaction.",ఈ అలెర్జీ ఉన్నవారికి తక్కువ మొత్తం కూడా ప్రతిచర్య కలిగించవచ్చు.,Codex Alimentarius General Standard for the Labelling of Prepackaged Foods (CXS 1-1985) and FSSAI labelling regulations - team must verify before use,,False
egg,Egg,గుడ్డు,egg|albumen|ovalbumin|oeuf|œuf|గుడ్డు,allergen,egg,non_vegan,,,,allergen,Egg can be a food allergen. It may matter for people with an allergy to egg.,గుడ్డు ఆహార అలెర్జీకి కారణం కావచ్చు. గుడ్డు అలెర్జీ ఉన్నవారికి ఇది ముఖ్యం కావచ్చు.,"For people with this allergy, even a small amount can cause a reaction.",ఈ అలెర్జీ ఉన్నవారికి తక్కువ మొత్తం కూడా ప్రతిచర్య కలిగించవచ్చు.,Codex Alimentarius General Standard for the Labelling of Prepackaged Foods (CXS 1-1985) and FSSAI labelling regulations - team must verify before use,,False
fish,Fish,చేప,fish|anchovy|anchovies|tuna|salmon|cod|sardine|mackerel|చేప,allergen,fish,non_vegan|non_vegetarian,,,,allergen,Fish can be a food allergen. It may matter for people with an allergy to fish.,చేప ఆహార అలెర్జీకి కారణం కావచ్చు. చేప అలెర్జీ ఉన్నవారికి ఇది ముఖ్యం కావచ్చు.,"For people with this allergy, even a small amount can cause a reaction.",ఈ అలెర్జీ ఉన్నవారికి తక్కువ మొత్తం కూడా ప్రతిచర్య కలిగించవచ్చు.,Codex Alimentarius General Standard for the Labelling of Prepackaged Foods (CXS 1-1985) and FSSAI labelling regulations - team must verify before use,,False
shellfish,Shellfish,"రొయ్యలు, పీతలు (షెల్‌ఫిష్)",shellfish|crustacean|shrimp|prawn|crab|lobster|krill|crayfish|రొయ్యలు|పీత,allergen,shellfish,non_vegan|non_vegetarian,,,,allergen,Shellfish can be a food allergen. It may matter for people with an allergy to shellfish.,"రొయ్యలు, పీతలు (షెల్‌ఫిష్) ఆహార అలెర్జీకి కారణం కావచ్చు. షెల్‌ఫిష్ అలెర్జీ ఉన్నవారికి ఇది ముఖ్యం కావచ్చు.","For people with this allergy, even a small amount can cause a reaction.",ఈ అలెర్జీ ఉన్నవారికి తక్కువ మొత్తం కూడా ప్రతిచర్య కలిగించవచ్చు.,Codex Alimentarius General Standard for the Labelling of Prepackaged Foods (CXS 1-1985) and FSSAI labelling regulations - team must verify before use,,False
gluten,Gluten,గ్లూటెన్,gluten|barley|rye|malt|triticale|spelt|kamut|గ్లూటెన్|బార్లీ,dietary,,gluten,,,,dietary_concern,"Gluten is a protein found in wheat, barley and rye. People who avoid gluten check for it.","గ్లూటెన్ అనేది గోధుమ, బార్లీ, రై ధాన్యాలలో ఉండే ప్రోటీన్. గ్లూటెన్ తినకూడని వారు దీనిని గమనిస్తారు.","For people who must avoid gluten, even small amounts can matter.",గ్లూటెన్ తినకూడని వారికి తక్కువ మొత్తం కూడా ముఖ్యం కావచ్చు.,To be filled by team (FSSAI / EFSA / JECFA),,False
gelatin,Gelatin,జెలటిన్,gelatin|gelatine|జెలటిన్,dietary,,non_vegan|non_vegetarian,,,,dietary_concern,Gelatin is made from animal parts. It does not fit vegetarian or vegan diets.,జెలటిన్ జంతు భాగాల నుంచి తయారవుతుంది. ఇది శాకాహార లేదా వీగన్ ఆహార నియమాలకు సరిపోదు.,No verified information yet.,ఇంకా ధృవీకరించిన సమాచారం లేదు.,To be filled by team (FSSAI / EFSA / JECFA),,False
honey,Honey,తేనె,honey|తేనె,dietary,,non_vegan,,,,dietary_concern,Honey is made by bees. It does not fit a vegan diet.,తేనె తేనెటీగల నుంచి వస్తుంది. ఇది వీగన్ ఆహార నియమానికి సరిపోదు.,No verified information yet.,ఇంకా ధృవీకరించిన సమాచారం లేదు.,To be filled by team (FSSAI / EFSA / JECFA),,False
sugar,Sugar,చక్కెర,sugar|sucrose|dextrose|fructose|glucose|jaggery|sucre|zucker|చక్కెర|పంచదార|బెల్లం,general,,,sugar,,,general_info,Sugar gives sweetness and energy. Some people choose to limit sugar.,చక్కెర తీపి మరియు శక్తిని ఇస్తుంది. కొందరు చక్కెరను తగ్గించి తీసుకోవాలని అనుకుంటారు.,Health authorities advise not eating too much added sugar.,ఎక్కువ చక్కెర తినకూడదని ఆరోగ్య సంస్థలు సూచిస్తాయి.,To be filled by team (FSSAI / EFSA / JECFA),,False
salt,Salt,ఉప్పు,salt|sodium chloride|ఉప్పు,general,,,salt,,,general_info,Salt adds taste and helps keep food from spoiling. Some people choose to limit salt.,ఉప్పు రుచిని ఇస్తుంది మరియు ఆహారం పాడవకుండా సహాయపడుతుంది. కొందరు ఉప్పును తగ్గించి తీసుకోవాలని అనుకుంటారు.,Health authorities advise not eating too much salt.,ఎక్కువ ఉప్పు తినకూడదని ఆరోగ్య సంస్థలు సూచిస్తాయి.,To be filled by team (FSSAI / EFSA / JECFA),,False
palm_oil,Palm oil,పామ్ ఆయిల్,palm oil|palm olein|palmolein|palm fat|palm kernel oil|పామ్ ఆయిల్|పామాయిల్,general,,,saturated_fat,,,general_info,Palm oil is a plant oil used in frying and baking. It contains saturated fat.,"పామ్ ఆయిల్ వేయించడానికి, బేకింగ్‌కు వాడే మొక్కల నూనె. దీనిలో సంతృప్త కొవ్వు ఉంటుంది.",Health authorities advise limiting saturated fat.,సంతృప్త కొవ్వును తగ్గించాలని ఆరోగ్య సంస్థలు సూచిస్తాయి.,To be filled by team (FSSAI / EFSA / JECFA),,False
e102,E102 (tartrazine),E102 (tartrazine),e102|tartrazine,additive,,,,E102,,additive_unverified,E102 (tartrazine) is a food additive. Its job in food: colour.,E102 (tartrazine) అనేది రంగు కోసం వాడే ఆహార సంకలితం.,No verified information yet.,ఇంకా ధృవీకరించిన సమాచారం లేదు.,To be filled by team (FSSAI / EFSA / JECFA),,False
e121,E121 (Citrus Red 2),E121 (Citrus Red 2),e121|citrus red 2,additive,,,,E121,,additive_unverified,E121 (Citrus Red 2) is a food additive. Its job in food: colour.,E121 (Citrus Red 2) అనేది రంగు కోసం వాడే ఆహార సంకలితం.,No verified information yet.,ఇంకా ధృవీకరించిన సమాచారం లేదు.,To be filled by team (FSSAI / EFSA / JECFA),,False
e150d,E150d (sulphite ammonia caramel),E150d (sulphite ammonia caramel),e150d|sulphite ammonia caramel,additive,,,,E150d,,additive_unverified,E150d (sulphite ammonia caramel) is a food additive. Its job in food: colour.,E150d (sulphite ammonia caramel) అనేది రంగు కోసం వాడే ఆహార సంకలితం.,No verified information yet.,ఇంకా ధృవీకరించిన సమాచారం లేదు.,To be filled by team (FSSAI / EFSA / JECFA),,False
e202,E202 (potassium sorbate),E202 (potassium sorbate),e202|potassium sorbate,additive,,,,E202,,additive_unverified,E202 (potassium sorbate) is a food additive. Its job in food: preservative (keeps food fresh longer).,E202 (potassium sorbate) అనేది ఆహారం ఎక్కువ రోజులు పాడవకుండా ఉండేందుకు వాడే ఆహార సంకలితం.,No verified information yet.,ఇంకా ధృవీకరించిన సమాచారం లేదు.,To be filled by team (FSSAI / EFSA / JECFA),,False
e211,E211 (sodium benzoate),E211 (sodium benzoate),e211|sodium benzoate,additive,,,,E211,,additive_unverified,E211 (sodium benzoate) is a food additive. Its job in food: preservative (keeps food fresh longer).,E211 (sodium benzoate) అనేది ఆహారం ఎక్కువ రోజులు పాడవకుండా ఉండేందుకు వాడే ఆహార సంకలితం.,No verified information yet.,ఇంకా ధృవీకరించిన సమాచారం లేదు.,To be filled by team (FSSAI / EFSA / JECFA),,False
e322,E322 (lecithin),E322 (lecithin),e322|lecithin|lecithins,additive,,,,E322,,additive_unverified,E322 (lecithin) is a food additive. Its job in food: emulsifier (helps oil and water mix).,"E322 (lecithin) అనేది నూనె, నీరు వంటివి కలిసి ఉండేందుకు వాడే ఆహార సంకలితం.",No verified information yet.,ఇంకా ధృవీకరించిన సమాచారం లేదు.,To be filled by team (FSSAI / EFSA / JECFA),,False
e330,E330 (citric acid),E330 (citric acid),e330|citric acid,additive,,,,E330,,additive_unverified,E330 (citric acid) is a food additive. Its job in food: acidity regulator (adjusts sourness).,E330 (citric acid) అనేది పులుపు స్థాయిని సరిచేయడానికి వాడే ఆహార సంకలితం.,No verified information yet.,ఇంకా ధృవీకరించిన సమాచారం లేదు.,To be filled by team (FSSAI / EFSA / JECFA),,False
e407,E407 (carrageenan),E407 (carrageenan),e407|carrageenan,additive,,,,E407,,additive_unverified,E407 (carrageenan) is a food additive. Its job in food: thickener.,E407 (carrageenan) అనేది చిక్కదనం కోసం వాడే ఆహార సంకలితం.,No verified information yet.,ఇంకా ధృవీకరించిన సమాచారం లేదు.,To be filled by team (FSSAI / EFSA / JECFA),,False
e415,E415 (xanthan gum),E415 (xanthan gum),e415|xanthan gum,additive,,,,E415,,additive_unverified,E415 (xanthan gum) is a food additive. Its job in food: thickener.,E415 (xanthan gum) అనేది చిక్కదనం కోసం వాడే ఆహార సంకలితం.,No verified information yet.,ఇంకా ధృవీకరించిన సమాచారం లేదు.,To be filled by team (FSSAI / EFSA / JECFA),,False
e450,E450 (diphosphates),E450 (diphosphates),e450|diphosphates,additive,,,,E450,,additive_unverified,E450 (diphosphates) is a food additive. Its job in food: raising agent (helps biscuits and cakes rise).,"E450 (diphosphates) అనేది బిస్కెట్లు, కేకులు ఉబ్బేందుకు వాడే ఆహార సంకలితం.",No verified information yet.,ఇంకా ధృవీకరించిన సమాచారం లేదు.,To be filled by team (FSSAI / EFSA / JECFA),,False
e471,E471 (mono- and diglycerides of fatty acids),E471 (mono- and diglycerides of fatty acids),e471|mono- and diglycerides of fatty acids|mono and diglycerides|mono diglycerides,additive,,,,E471,,additive_unverified,E471 (mono- and diglycerides of fatty acids) is a food additive. Its job in food: emulsifier (helps oil and water mix).,"E471 (mono- and diglycerides of fatty acids) అనేది నూనె, నీరు వంటివి కలిసి ఉండేందుకు వాడే ఆహార సంకలితం.",No verified information yet.,ఇంకా ధృవీకరించిన సమాచారం లేదు.,To be filled by team (FSSAI / EFSA / JECFA),,False
e500,E500 (sodium carbonates),E500 (sodium carbonates),e500|sodium carbonates|sodium bicarbonate|baking soda|sodium carbonate,additive,,,,E500,,additive_unverified,E500 (sodium carbonates) is a food additive. Its job in food: raising agent (helps biscuits and cakes rise).,"E500 (sodium carbonates) అనేది బిస్కెట్లు, కేకులు ఉబ్బేందుకు వాడే ఆహార సంకలితం.",No verified information yet.,ఇంకా ధృవీకరించిన సమాచారం లేదు.,To be filled by team (FSSAI / EFSA / JECFA),,False
e503,E503 (ammonium carbonates),E503 (ammonium carbonates),e503|ammonium carbonates|ammonium bicarbonate|ammonium carbonate,additive,,,,E503,,additive_unverified,E503 (ammonium carbonates) is a food additive. Its job in food: raising agent (helps biscuits and cakes rise).,"E503 (ammonium carbonates) అనేది బిస్కెట్లు, కేకులు ఉబ్బేందుకు వాడే ఆహార సంకలితం.",No verified information yet.,ఇంకా ధృవీకరించిన సమాచారం లేదు.,To be filled by team (FSSAI / EFSA / JECFA),,False
e621,E621 (monosodium glutamate),E621 (monosodium glutamate),e621|monosodium glutamate|msg,additive,,,,E621,,additive_unverified,E621 (monosodium glutamate) is a food additive. Its job in food: flavour enhancer (makes taste stronger).,E621 (monosodium glutamate) అనేది రుచిని పెంచడానికి వాడే ఆహార సంకలితం.,No verified information yet.,ఇంకా ధృవీకరించిన సమాచారం లేదు.,To be filled by team (FSSAI / EFSA / JECFA),,False
e951,E951 (aspartame),E951 (aspartame),e951|aspartame,additive,,,,E951,,additive_unverified,E951 (aspartame) is a food additive. Its job in food: sweetener.,E951 (aspartame) అనేది తీపి కోసం వాడే ఆహార సంకలితం.,No verified information yet.,ఇంకా ధృవీకరించిన సమాచారం లేదు.,To be filled by team (FSSAI / EFSA / JECFA),,False
e955,E955 (sucralose),E955 (sucralose),e955|sucralose,additive,,,,E955,,additive_unverified,E955 (sucralose) is a food additive. Its job in food: sweetener.,E955 (sucralose) అనేది తీపి కోసం వాడే ఆహార సంకలితం.,No verified information yet.,ఇంకా ధృవీకరించిన సమాచారం లేదు.,To be filled by team (FSSAI / EFSA / JECFA),,False
