code,product_name,brands,ingredients_text,allergens_tags,sugars_100g,salt_100g,energy_kcal_100g,image_ingredients_url,allergens_clean
7622210449283,Prince,"LU, Mondelez Schweiz GmbH","Céréale 50 % (Farine de blé 34,8 %, farine de blé complet 15,2 %), sucre, huiles végétales (palme, colza), cacao maigre en poudre 4,5 %, sirop de glucose, amidon de blé, poudres à lever (carbonates d'ammonium, carbonates de sodium), émulsifiant (lécithines de soja), sel, lait écrémé en poudre, perméat de lactosérum (de lait), arômes. Peut contenir œuf.","en:eggs,en:gluten,en:milk,en:soybeans",32.0,0.49,467.0,,eggs;gluten;milk;soybeans
3175680011480,Sésame,Gerblé,"Farine de blé 57%, sucre de canne roux, huile de colza, sésame toasté 10,6%, germe de blé 5,4%, farine complète de blé 5,4%, arôme naturel, magnésium, émulsifiant : lécithines, poudres à lever (tartrates de potassium, carbonates de sodium, carbonates d'ammonium), sel de mer, amidon de blé, vitamines (E, PP, B6, B1, B9).

Fabriqué dans un atelier qui utilise des fruits à coque, du lait, du lupin, de la moutarde, des oeufs et du soja","en:gluten,en:sesame-seeds",17.0,0.38,467.0,,gluten;sesame-seeds
6111031005064,Tonik,tonik,"Farine de Blé, Sucre, Huile Végétale Non-Hydrogénée (Palme), Perméat de Lactosérum (De Lait), Cacao Maigre en Poudre, Emulsifiant (E322-Lécithine de Soja), Poudre à Lever (E500ii), Arôme Artificiel (Vanilline), Sel. Contient: Lait, Blé (Gluten), Soja.","en:gluten,en:milk,en:soybeans",40.0,0.22,504.0,,gluten;milk;soybeans
3229820100234,Fourrés Chocolat Noir,Bjorg,"Farine de blé* 41%, Chocolat noir* 22% (pâte de cacao*, sucre de canne&quot;, beurre de cacao&quot;), Sucre de canne* roux non raffiné, Farine complète de blé* 16%, Huile de tournesol oléique*, Arôme naturel de vanille, Lait écrémé en poudre, Sel de mer, carbonates d'ammonium, carbonates de sodium, gomme d'acacia*, extraits de romarin* Peut contenir du soja, des œufs, des fruits à coque, des graines de sésame et de la moutarde. *Ingrédients biologiques.","en:gluten,en:milk,en:soybeans",27.0,0.49,476.0,,gluten;milk;soybeans
3175681851849,Pomme Noisette,Gerblé,"Farine de blé 68,6%, huile de colza, sirop de sucres issu de fruits, jus de pomme concentré 5,3%, noisettes torréfiées 5,3%, germe de blé 5,2%, fibres de chicorée, extrait de malt d'orge, arôme naturel de pomme, émulsifiant : lécithines, poudres à lever (carbonates de potassium, tartrates de potassium), amidon de blé, vitamines (E, PP, B2, B6, B1, B9).","en:gluten,en:nuts",11.0,0.01,457.0,,gluten;nuts
3251490332080,figues et son,Gerblé,"Farine complète de blé 26,5%, farine de blé 26,1%, son de blé 20%, huile de colza, sucre non raffiné, pâte de figues 5,1%, arôme naturel de figue, poudres à lever (carbonates de potassium, carbonates de sodium, acide citrique), arôme naturel, émulsifiant: lécithines.",en:gluten,16.0,0.18,450.0,,gluten
8410376009392,gullon fibre zero sugar free,"GALLETAS GULLON S.A., gullón","whole  wheat  flour 57,5 %, sweetener (maltitol), vegetable oil 16,5 % (sunflower high oleic), vegetable fibre 3,5 %, pea fiber 3,5 %, raising agents (sodium hydrogen carbonate and ammonium hydrogen carbonate), emulsifier ( soya  lecithin), salt, flavours,","en:gluten,en:soybeans",5.0,0.65,431.0,,gluten;soybeans
3175681851856,Biscuit raisins,Gerblé,"Farine de blé 60,4%, huile de colza, sucre non raffiné, pâte de raisins 6,9%, germe de blé 5,1%, amidon de blé, raisins secs 2,8%, fibres de blé, magnésium, émulsifiant lécithines, poudres à lever (tartrates de potassium, carbonates de sodium), arôme naturel, vitamines (B1, B6, B9, D, E).",en:gluten,17.0,0.2,441.0,,gluten
3362600011044,Henry’s,Henry's,"Farine de froment, sucre, graisse végétale, sucre inverti, agents levants ( bicarbonate d'ammonium - bicarbonate de sodium), sel, arome.",en:gluten,24.2353,0.882353,440.0,,gluten
5410041001204,Tuc Original,Mondelēz,"wheat  flour, palm oil, glucose syrup,  barley  malt extract, raising agents (ammonium carbonates, sodium carbonates), salt,  eggs , flavouring, flour treatment agent (sodium  metabisulfite ),","en:eggs,en:gluten,it:Metabisolfito",7.1,1.7,482.0,,eggs;gluten;Metabisolfito
3229820794525,Avoine chocolat,Bjorg,"Flocons d'avoine* 31%, farine de blé*, huile de colza*, sucre de canne* non raffiné, pépites de chocolat noir* 9% (sucre de canne*, pâte de cacao*, beurre de cacao*), billettes de riz soufflé (farine de riz*, sel), fibres d'acacia*, extrait de cacao*, cacao* maigre en poudre, poudres à lever (carbonates d'ammonium, carbonates de sodium), jaune d'œuf* en poudre, sel marin, antioxydant (extraits de romarin*). Ingrédients biologiques.","en:eggs,en:gluten",17.0,0.63,454.0,,eggs;gluten
8000500310427,Biscuits NUTELLA Biscuits Noisettes et Cacao x22 - 304g,"Ferrero, Ferrero Technical Services Srl, Nutella biscuits","Pâte à tartiner aux NOISETTES et au cacao 40% (sucre, huile de palme, NOISETTES 13%**, LAIT écrémé en poudre 8,7%**, cacao maigre 7,4%**, émulsifiants : lécithines [SOJA]; vanilline), farine de FROMENT 32,5%, graisses végétales (palme, palmiste), sucre de canne (contient BLE) 8,5%, LACTOSE, son de BLE, LAIT en poudre, miel, poudres à lever (diphosphate disodique, carbonate acide de sodium, carbonate acide d'ammonium), farine d'ORGE malté, cacao maigre en poudre, sel, extrait en poudre de malt d'ORGE et de maïs, amidon de FROMENT, émulsifiants: lécithines [SOJA]; vanilline.","en:gluten,en:milk,en:nuts,en:soybeans",35.8,0.559,515.0,,gluten;milk;nuts;soybeans
3175681066632,Biscuits pavot citron,Gerblé,"Farine de blé 48,8%, sucre non raffiné, huile de colza, farine complète de blé 11%, germe de blé 5,6%, graines de pavot bleu 5%, fibre végétale, émulsifiant: lecithines, citrons déshydratés 0,9%, jus concentré de citron, amidon de maïs, magnésium, sucre, poudre à lever: carbonates de sodium, arôme naturel de citron, vitamines (D, B1, B9). Peut contenir des fruits à coque, du lupin, de la moutarde, du sésame, de l'œuf, du soja et du lait.","en:gluten,en:milk",16.0,0.2,463.0,,gluten;milk
3175681851863,Biscuits Soja Figue,Gerblé,"Farine de blé 43,9%, huile de colza, sucre non raffiné, flocons de soja toastés 10,3%, farine complète de blé 9,3%, pâte de figues 6,1%, germe de blé 5,5%, fibre de blé, émulsifiant : lécithines, poudres à lever (carbonates de potassium, acide citrique), magnésium, arôme naturel, calcium, arôme naturel de figue, amidon de blé, vitamines (E, PP, B5, B1, B6, B9).","en:gluten,en:milk,en:soybeans",15.0,0.02,457.0,,gluten;milk;soybeans
3362600011228,Sable coco Henry s 42g,Henry's,"Farine de _froment_, sucre, graisse végétale, noix de coco râpée, poudre de _lait_, poudre de _lactosérum_, sucre inverti, agents levants (bicarbonate d'ammonium - bicarbonate de Sodium), sel, arômes.","en:gluten,en:milk",23.8095238095238,0.898809523809524,442.857142857143,,gluten;milk
3175680011534,Biscuit lait chocolat,Gerblé,"Farine de blé 53,5%, sucre non raffiné, huile de colza, pépites de chocolat 8,4% (pâte de cacao¹, sucre, beurre de cacao', émulsifiant: lécithines (soja)), germe de blé 5,5%, farine de maïs, lait fermenté écrémé pasteurisé en poudre 2,6%, poudres à lever (tartrates de potassium, carbonates de sodium, carbonates d'ammonium), fibres d'avoine, magnésium, arôme naturel, sel de mer, émulsifiant: lécithines, amidon de blé, vitamines (E, B6, B9).","en:gluten,en:milk,en:soybeans",21.0,0.74,457.0,,gluten;milk;soybeans
3229820021027,P'tit Nature Complet,Bjorg,"Farine complète de blé* 76,8%, Sucre de canne* roux, Huile de colza*, Amidon de blé*, Poudre à lever (carbonates d'ammonium), Sel marin, Arôme naturel de vanille, Antioxydant (extraits de romarin).",en:gluten,20.0,0.45,416.0,,gluten
3175681105423,Cookie cacao pépites Sans Sucre,Gerblé,"Farine de blé 47,3%, édulcorant : maltitols, huile de colza, pépites de chocolat au maltitol 10,8% (pâte de cacao, édulcorant: maltitols, beurre de cacao, émulsifiant : lécithines), fibres de blé, cacao maigre en poudre 4,5%, son d'avoine, émulsifiant : lécithines, arôme naturel, poudres à lever (carbonates de sodium, carbonates d'ammonium), sel de mer.",en:gluten,0.0,0.21,414.0,,gluten
3251490307002,Goûter pépites de chocolat,Gerblé,"Farine de blé 51,9%, pépites de chocolat 14,6% (pâte de cacao, sucre, beurre de cacao, émulsifiant lécithines (soja)), sucre non raffiné, huile de colza, farine de maïs, fibre végétale, dextrose, arôme naturel, magnésium, calcium, poudre à lever: carbonates d'ammonium, jus concentré de citron, sel de mer, protéines de lait, vitamines (D, B1, B9)","en:gluten,en:milk,en:soybeans",20.0,0.27,451.0,,gluten;milk;soybeans
3336971805021,Chips de lentilles saveur fines herbes,Vico,"Farine de lentille (36%), huiles végétales (tournesol, colza), farine de riz, farine de maïs, amidons, sucre, sel, oignon, ail, persil, aneth, ciboulette, arôme naturel, extrait d'aneth, poivre vert, chlorure de potassium, régulateurs d'acidité (acide citrique, acide lactique).",,2.3,1.1,453.0,,
